SourceOccurrenceId	Class	Given Family	Corrected Family	Given name of species	Corrected name of species	Type of inconsistency	SourceLinkofIncon
1	Gastropoda	Ampullariidae	Ampullariidae	Pomacea canaliculata (D'Orbigny, 1835)	Pomacea canaliculata (Lamarck, 1822)	Wrong author name	
2	Gastropoda	Assimineidae	Assimineidae	Assiminea (Austropilula) beddomeana Nevill, 1880	Austropilula beddomeana (G. Nevill, 1880)	Unaccepted (original combination)	http://www.marinespecies.org/aphia.php?p=taxdetails&id=1308265
3	Gastropoda	Assimineidae	Assimineidae	Assiminea (Metassiminea) philippinica O. Boettger, 1887	Metassiminea philippinica (O. Boettger, 1887)	Unaccepted (basionym)	http://www.marinespecies.org/aphia.php?p=taxdetails&id=1325890
4	Gastropoda	Assimineidae	Assimineidae	Assiminea (Sphaerassiminea) brevicula Pfeiffer, 1854	Optediceros breviculum (Pfeiffer, 1855)	Unaccepted	http://www.marinespecies.org/aphia.php?p=taxdetails&id=716989
5	Gastropoda	Assimineidae	Assimineidae	Assiminea (Sculptassiminea) microsculpta Nevill, 1880	Sculptassiminea microsculpta (G. Nevill, 1880)	Unaccepted (original combination)	http://www.marinespecies.org/aphia.php?p=taxdetails&id=1308275
6	Gastropoda	Batillariidae	Batillariidae	Batillaria cumingi	Batillaria cumingii (Crosse, 1862)	taxon inquirendum	http://www.marinespecies.org/aphia.php?p=taxdetails&id=576304
7	Gastropoda	Planorbidae	Bulinidae	Indoplanorbis exustus (Deshayes, 1834)	Indoplanorbis exustus (Deshayes, 1833)	Family Changed	
8	Gastropoda	Bursidae	Bursidae	Bursa subgranosa	Bufonaria rana (Linnaeus, 1758)	Unaccepted	
9	Gastropoda	Bursidae	Bursidae	Bursa lamarckii Deshayes	Bursa lamarckii (Deshayes, 1853)	No Year provided	
10	Gastropoda	Bursidae	Bursidae	Bursa granularis (Röding, 1798)	Dulcerana granularis (Röding, 1798)	Unaccepted (original combination)	http://www.marinespecies.org/aphia.php?p=taxdetails&id=216964
11	Gastropoda	Bursidae	Bursidae	Bursa lampas Linnaeus	Tutufa bubo (Linnaeus, 1758)	Unaccepted	http://www.marinespecies.org/aphia.php?p=taxdetails&id=216973
12	Gastropoda	Cerithiidae	Cerithiidae	Clypeomorus concisus	Clypeomorus bifasciata (G. B. Sowerby II, 1855)	Unaccepted (chresonym)	http://www.marinespecies.org/aphia.php?p=taxdetails&id=216710
13	Gastropoda	Cerithiidae	Cerithiidae	Cerithium obeliscus Bruguière	Rhinoclavis sinensis (Gmelin, 1791)	Unaccepted	http://www.marinespecies.org/aphia.php?p=taxdetails&id=473660
14	Gastropoda	Columbellidae	Columbellidae	Pyrene ocellata (Link, 1807)	Pictocolumbella ocellata (Link, 1807)	Unaccepted	http://www.marinespecies.org/aphia.php?p=taxdetails&id=208022
15	Gastropoda	Columbellidae	Columbellidae	Pyrene flava Bruguière	Pyrene flava (Bruguière, 1789)	No Year provided	
16	Gastropoda	Conidae	Conidae	Conus praecellens (Adams, 1855)	Conus praecellens A. Adams, 1854	Wrong year	
17	Gastropoda	Ranellidae	Cymatiidae	Cymatium flaveolum (Roeding, 1798)	Septa flaveola (Röding, 1798)	Unaccepted (synonym)	
18	Gastropoda	Ranellidae	Cymatiidae	Gyrineum pussillum (Broderip, 1833)	Gyrineum pusillum (Broderip, 1833)	Misspelling	
19	Gastropoda	Ranellidae	Cymatiidae	Cymatium lotorium (Linnaeus, 1758)	Lotoria lotoria (Linnaeus, 1758)	Unaccepted	http://www.marinespecies.org/aphia.php?p=taxdetails&id=211062
20	Gastropoda	Ranellidae	Cymatiidae	Cymatium nicobaricum (Röding, 1798)	Monoplex nicobaricus (Röding, 1798)	Unaccepted	http://www.marinespecies.org/aphia.php?p=taxdetails&id=141109
21	Gastropoda	Ranellidae	Cymatiidae	Cymatium (Septa) pileare (Linnaeus, 1758)	Monoplex pilearis (Linnaeus, 1758)	Unaccepted	http://www.marinespecies.org/aphia.php?p=taxdetails&id=211082
22	Gastropoda	Ranellidae	Cymatiidae	Cymatium vespaceum (Lamarck, 1822)	Monoplex vespaceus (Lamarck, 1822)	Unaccepted	http://www.marinespecies.org/aphia.php?p=taxdetails&id=211071
23	Gastropoda	Ranellidae	Cymatiidae	Cymatium hepaticum (Röding, 1798)	Septa hepatica (Röding, 1798)	Unaccepted	http://www.marinespecies.org/aphia.php?p=taxdetails&id=211074
24	Gastropoda	Cymatiidae	Cymatiidae	Cymatium tenuiliratum (Lischke, 1873)	Turritriton tenuiliratus (Lischke, 1873)	Unaccepted	http://www.marinespecies.org/aphia.php?p=taxdetails&id=1433217
25	Gastropoda	Cypraeidae	Cypraeidae	Cypraea argus Linnaeus, 1758	Arestorides argus (Linnaeus, 1758)	Unaccepted (original combination)	http://www.marinespecies.org/aphia.php?p=taxdetails&id=216786
26	Gastropoda	Cypraeidae	Cypraeidae	Cypraea caurica Linnaeus, 1758	Erronea caurica (Linnaeus, 1758)	Unaccepted (original combination)	http://www.marinespecies.org/aphia.php?p=taxdetails&id=216822
27	Gastropoda	Cypraeidae	Cypraeidae	Erronea pulchella (Melvill & Standen, 1904)	Ficadusta pulchella (Swainson, 1823)	Unaccepted	http://www.marinespecies.org/aphia.php?p=taxdetails&id=458737
28	Gastropoda	Cypraeidae	Cypraeidae	Cypraea pulchra Gray, 1824	Luria pulchra (Gray, 1824)	Unaccepted (original combination)	http://www.marinespecies.org/aphia.php?p=taxdetails&id=216771
29	Gastropoda	Cypraeidae	Cypraeidae	Cypraea carneola Linnaeus, 1758	Lyncina carneola (Linnaeus, 1758)	Unaccepted (original combination)	http://www.marinespecies.org/aphia.php?p=taxdetails&id=216762
30	Gastropoda	Cypraeidae	Cypraeidae	Cypraea ventriculus Lamarck, 1810	Lyncina ventriculus (Lamarck, 1810)	Unaccepted (original combination)	http://www.marinespecies.org/aphia.php?p=taxdetails&id=578039
31	Gastropoda	Cypraeidae	Cypraeidae	Cypraea arabica immanis (F. A. Schilder & M. Schilder, 1939)	Mauritia arabica (Linnaeus, 1758)	Unaccepted	http://www.marinespecies.org/aphia.php?p=taxdetails&id=223972
32	Gastropoda	Cypraeidae	Cypraeidae	Cypraea annulus Linnaeus, 1758	Monetaria annulus (Linnaeus, 1758)	Unaccepted (original combination)	http://www.marinespecies.org/aphia.php?p=taxdetails&id=216777
33	Gastropoda	Cypraeidae	Cypraeidae	Cypraea erosa Linnaeus, 1758	Naria erosa (Linnaeus, 1758)	Unaccepted (original combination)	http://www.marinespecies.org/aphia.php?p=taxdetails&id=216790
34	Gastropoda	Cypraeidae	Cypraeidae	Erosaria miliaris (Gmelin, 1791)	Naria miliaris (Gmelin, 1791)	Unaccepted	http://www.marinespecies.org/aphia.php?p=taxdetails&id=529723
35	Gastropoda	Cypraeidae	Cypraeidae	Cypraea nucleus Linnaeus, 1758	Nucleolaria nucleus (Linnaeus, 1758)	Unaccepted (original combination)	http://www.marinespecies.org/aphia.php?p=taxdetails&id=216778
36	Gastropoda	Cypraeidae	Cypraeidae	Cypraea asellus Linnaeus, 1758	Palmadusta asellus (Linnaeus, 1758)	Unaccepted (original combination)	http://www.marinespecies.org/aphia.php?p=taxdetails&id=216845
37	Gastropoda	Cypraeidae	Cypraeidae	Cypraea talpa Linnaeus, 1758	Talparia talpa (Linnaeus, 1758)	Unaccepted (original combination)	http://www.marinespecies.org/aphia.php?p=taxdetails&id=216751
38	Gastropoda	Ellobiidae	Ellobiidae	Cylindrotis cf. quadrasi Moellendorff, 1895	Auriculastra semiplicata (H. Adams & A. Adams, 1854)	Unaccepted	http://www.marinespecies.org/aphia.php?p=taxdetails&id=738073
39	Gastropoda	Ellobiidae	Ellobiidae	Cassidula mustelina (Deshayes, 1830)	Cassidula nucleus (Gmelin, 1791)	Unaccepted	http://www.marinespecies.org/aphia.php?p=taxdetails&id=1468689
40	Gastropoda	Ellobiidae	Ellobiidae	Ellobium chinensis	Ellobium chinense (L. Pfeiffer, 1856)	Misspelling	
41	Gastropoda	Ellobiidae	Ellobiidae	Melampus adamsianus Pfeiffer, 1854	Melampus adamsianus L. Pfeiffer, 1855	Wrong year	
42	Gastropoda	Fasciolariidae	Fasciolariidae	Latirus mediamericanus Hertlein & A. M. Strong, 1951	Pustulatirus mediamericanus (Hertlein & A. M. Strong, 1951)	Unaccepted	http://www.marinespecies.org/aphia.php?p=taxdetails&id=447149
43	Gastropoda	Fasciolariidae	Fasciolariidae	Latirus turritus (Gmelin, 1791)	Turrilatirus turritus (Gmelin, 1791)	Unaccepted	http://www.marinespecies.org/aphia.php?p=taxdetails&id=211125
44	Gastropoda	Iravadiidae	Iravadiidae	Iravadia cf. reticulata Brandt, 1968	Iravadia quadrasi (O. Boettger, 1893)	Unaccepted	http://www.marinespecies.org/aphia.php?p=taxdetails&id=607237
45	Gastropoda	Littorinidae	Littorinidae	Nodilittorina milegrana	Echinolittorina millegrana (Philippi, 1848)	Unaccepted	http://www.marinespecies.org/aphia.php?p=taxdetails&id=211292
46	Gastropoda	Littorinidae	Littorinidae	Littorina fasciata	Littoraria fasciata (Gray, 1839)	Unaccepted (original combination)	http://www.marinespecies.org/aphia.php?p=taxdetails&id=798695
47	Gastropoda	Littorinidae	Littorinidae	Littorina scabra	Littoraria scabra (Linnaeus, 1758)	Unaccepted	http://www.marinespecies.org/aphia.php?p=taxdetails&id=211288
48	Gastropoda	Littorinidae	Littorinidae	Littorina pyramidales	Nodilittorina pyramidalis (Quoy & Gaimard, 1833)	Unaccepted (original combination)	http://www.marinespecies.org/aphia.php?p=taxdetails&id=446383
49	Gastropoda	Mangeliidae	Mangeliidae	Ellobium aurisjuddae	Ellobium aurisjudae (Linnaeus, 1758)	Misspelling	
50	Gastropoda	Melongenidae	Melongenidae	Hemifusus ternatanus (Gmelin, 1791)	Brunneifusus ternatanus (Gmelin, 1791)	Unaccepted	http://www.marinespecies.org/aphia.php?p=taxdetails&id=567177
51	Gastropoda	Melongenidae	Melongenidae	Pugilina cochlidium (Linnaeus, 1758)	Volegalea cochlidium (Linnaeus, 1758)	Unaccepted	http://www.marinespecies.org/aphia.php?p=taxdetails&id=567156
52	Gastropoda	Mitridae	Mitridae	Mitra eremitarum Röding, 1798	Nebularia eremitarum (Röding, 1798)	Unaccepted (original combination)	http://www.marinespecies.org/aphia.php?p=taxdetails&id=590521
53	Gastropoda	Modulidae	Modulidae	Modulus tectum (Gmelin, 1791)	Indomodulus tectum (Gmelin, 1791)	Unaccepted	http://www.marinespecies.org/aphia.php?p=taxdetails&id=216717
54	Gastropoda	Muricidae	Muricidae	Drupa ricinus ricinus (Linnaeus, 1758)	Drupa ricinus (Linnaeus, 1758)	Alternate representation	http://www.marinespecies.org/aphia.php?p=taxdetails&id=596437
55	Gastropoda	Muricidae	Muricidae	Drupa (Drupina) glossularia Röding, 1798	Drupina grossularia (Röding, 1798)	Unaccepted (original combination)	http://www.marinespecies.org/aphia.php?p=taxdetails&id=396689
56	Gastropoda	Muricidae	Muricidae	Ergalatax contractus (Reeve, 1846)	Ergalatax contracta (Reeve, 1846)	Misspelling	
57	Gastropoda	Muricidae	Muricidae	Thais (Mancinella) alouina (Röding, 1798)	Mancinella alouina (Röding, 1798)	Unaccepted	http://www.marinespecies.org/aphia.php?p=taxdetails&id=217169
58	Gastropoda	Muricidae	Muricidae	Thais tuerosa	Menathais tuberosa (Röding, 1798)	Misspelling	
59	Gastropoda	Muricidae	Muricidae	Murex troscheli	Murex troscheli Lischke, 1868	Misspelling	
60	Gastropoda	Muricidae	Muricidae	Thais kienerii (Deshayes, 1844)	Reishia bitubercularis (Lamarck, 1822)	Unaccepted	http://www.marinespecies.org/aphia.php?p=taxdetails&id=817479
61	Gastropoda	Muricidae	Muricidae	Thais clavigera (Küster, 1860)	Reishia clavigera (Küster, 1860)	Unaccepted	http://www.marinespecies.org/aphia.php?p=taxdetails&id=817471
62	Gastropoda	Muricidae	Muricidae	Thais infumata Hombron & Jacquinot, 1853	Semiricinula muricina (Blainville, 1832)	Unaccepted (synonym)	http://www.marinespecies.org/aphia.php?p=taxdetails&id=396913
63	Gastropoda	Muricidae	Muricidae	Morula granulata (Duclos, 1832)	Tenguella granulata (Duclos, 1832)	Unaccepted	http://www.marinespecies.org/aphia.php?p=taxdetails&id=600712
64	Gastropoda	Muricidae	Muricidae	Thais musira	Thais musira	Misspelling	
65	Gastropoda	Muricidae	Muricidae	Thais aculeate	Tylothais aculeata (Deshayes, 1844)	Unaccepted	http://www.marinespecies.org/aphia.php?p=taxdetails&id=207633
66	Gastropoda	Neritidae	Neritidae	Clithon retropictus (Von Marterns, 1879)	Clithon retropictum (Martens, 1879)	Unaccepted (incorrect gender ending)	http://www.marinespecies.org/aphia.php?p=taxdetails&id=737539
67	Gastropoda	Neritidae	Neritidae	Dostia cornucopia (Benson, 1836)	Neripteron cornucopia (Benson, 1836)	Alternate representation	http://www.marinespecies.org/aphia.php?p=taxdetails&id=737505
68	Gastropoda	Neritidae	Neritidae	Nerita (Nerita) articulata Gould, 1847	Nerita balteata Reeve, 1855	nomen dubium	http://www.marinespecies.org/aphia.php?p=taxdetails&id=818075
69	Gastropoda	Neritidae	Neritidae	Nerita squamulata Le Guillou, 1841	Nerita histrio Linnaeus, 1758	Unaccepted	http://www.marinespecies.org/aphia.php?p=taxdetails&id=596069
70	Gastropoda	Neritidae	Neritidae	Nerita (Theliostyla) planospira Anton, 1839	Nerita planospira Anton, 1838	Synonym	http://www.marinespecies.org/aphia.php?p=taxdetails&id=1463498
71	Gastropoda	Neritidae	Neritidae	Nerita tassellata	Nerita tessellata Gmelin, 1791	Misspelling	
72	Gastropoda	Neritidae	Neritidae	Nerita ubrealla	Nerita undulata Gmelin, 1791	Misspelling	
73	Gastropoda	Olividae	Olividae	Oliva annulata (Gmelin, 1791)	Oliva annulata (Gmelin, 1791)	nomen dubium	http://www.marinespecies.org/aphia.php?p=taxdetails&id=208385
74	Gastropoda	Olividae	Olividae	Oliva staleyi Perini, 2011	Oliva staleyi Perini, 2011	Unaccepted	http://www.marinespecies.org/aphia.php?p=taxdetails&id=867807
75	Gastropoda	Olividae	Olividae	Oliva tessellata Lamarck, 1811	Oliva guttata Fischer von Waldheim, 1808	Unaccepted	http://www.marinespecies.org/aphia.php?p=taxdetails&id=592584
76	Gastropoda	Onchidiidae	Onchidiidae	Onchidium verraculatum	Peronia verruculata (Cuvier, 1830)	Unaccepted	http://www.marinespecies.org/aphia.php?p=taxdetails&id=208754
77	Gastropoda	Pachychilidae	Pachychilidae	Melania clavaeformis Brot, 1874	Brotia clavaeformis (Brot, 1875)	Unaccepted	http://www.marinespecies.org/aphia.php?p=taxdetails&id=1058836
78	Gastropoda	Pachychilidae	Pachychilidae	Brotia costula (Troschel, 1837)	Brotia costula (Rafinesque, 1833)	Wrong author name	
79	Gastropoda	Pachychilidae	Pachychilidae	Meluniu agrestis Reeve, 1860	Sulcospira agrestis (Reeve, 1860)	Unaccepted (original combination)	http://www.marinespecies.org/aphia.php?p=taxdetails&id=1063619
80	Gastropoda	Pachychilidae	Pachychilidae	Melania circumstriata Metcalfe, 1851	Sulcospira circumstriata (Metcalfe, 1851)	Unaccepted (original combination)	http://www.marinespecies.org/aphia.php?p=taxdetails&id=1063979
81	Gastropoda	Pachychilidae	Pachychilidae	Melania brookei Reeve, 1860	Sulcospira infracostata (Mousson, 1849)	Unaccepted (junior synonym)	http://www.marinespecies.org/aphia.php?p=taxdetails&id=1063969
82	Gastropoda	Pachychilidae	Pachychilidae	Brotia pageli (Thiele, 1908)	Sulcospira pageli (Thiele, 1908)	Unaccepted	http://www.marinespecies.org/aphia.php?p=taxdetails&id=740338
83	Gastropoda	Pachychilidae	Pachychilidae	Melania provisoria Brot, 1881	Sulcospira provisoria (Brot, 1881)	Unaccepted (original combination)	http://www.marinespecies.org/aphia.php?p=taxdetails&id=1067224
84	Gastropoda	Paludomidae	Paludomidae	Paludomus luteus H. Adams, 1874	Paludomus lutea H. Adams, 1874	Unaccepted (incorrect gender of species epithet)	http://www.marinespecies.org/aphia.php?p=taxdetails&id=1327012
85	Gastropoda	Ranellidae	Personidae	Distorsio decussata (Valenciennes, 1832)	Distorsio decussata (Valenciennes, 1832)	Family Changed	
86	Gastropoda	Buccinidae	Pisaniidae	Cantharus undosus (Linnaeus, 1758)	Pollia undosa (Linnaeus, 1758)	Unaccepted	http://www.marinespecies.org/aphia.php?p=taxdetails&id=208035
87	Gastropoda	Planaxidae	Planaxidae	Philine angasi (Crosse and Fischer, 1865)	Philine angasi (Crosse, 1865)	Wrong author name	
88	Gastropoda	Potamididae	Potamididae	Cerithidea obtuse	Cerithidea obtusa (Lamarck, 1822)	Misspelling	
89	Gastropoda	Potamididae	Potamididae	Cerithidea (Cerithidea) quadrata Sowerby, 1866	Cerithidea quoyii (Hombron & Jacquinot, 1848)	Unaccepted	http://www.marinespecies.org/aphia.php?p=taxdetails&id=456559
90	Gastropoda	Potamididae	Potamididae	Cerithidea rizophorarum (A. Adams, 1855)	Cerithidea rhizophorarum A. Adams, 1855	Misspelling	
91	Gastropoda	Potamididae	Potamididae	Cerithidea cf. largillierti (Philippi, 1849)	Cerithideopsis largillierti (Philippi, 1848)	Unaccepted	http://www.marinespecies.org/aphia.php?p=taxdetails&id=456567
92	Gastropoda	Potamididae	Potamididae	Cerithidea (Cerithideopsilla) alata (Philippi, 1849)	Pirenella alata (Philippi, 1849)	Unaccepted	http://www.marinespecies.org/aphia.php?p=taxdetails&id=456563
93	Gastropoda	Potamididae	Potamididae	Cerithidea cingulata	Pirenella cingulata (Gmelin, 1791)	Unaccepted	http://www.marinespecies.org/aphia.php?p=taxdetails&id=456564
94	Gastropoda	Rostellariidae	Rostellariidae	Rostellariella martinii (Marrat, 1877)	Tenuitibia martinii (Marrat, 1877)	Unaccepted	http://www.marinespecies.org/aphia.php?p=taxdetails&id=532193
95	Gastropoda	Siphonariidae	Siphonariidae	Siphonana javanica (Lamarck, 1819)	Siphonaria javanica (Lamarck, 1819)	Misspelling	
96	Gastropoda	Strombidae	Strombidae	Canarium microurceum Kira,1959	Canarium microurceus Kira, 1959	Misspelling	
97	Gastropoda	Strombidae	Strombidae	Strombus haemostoma	Canarium scalariforme (Duclos, 1833)	Unaccepted	http://www.marinespecies.org/aphia.php?p=taxdetails&id=215381
98	Gastropoda	Strombidae	Strombidae	Canarium urceum urceum (Linnaeus, 1758)	Canarium urceus (Linnaeus, 1758)	Misspelling	
99	Gastropoda	Strombidae	Strombidae	Doxander vittatus apicatus (Man in 't Veld & Visser, 1993)	Doxander vittatus (Linnaeus, 1758)	Alternate representation	http://www.marinespecies.org/aphia.php?p=taxdetails&id=564534
100	Gastropoda	Strombidae	Strombidae	Strombus gibberulus	Gibberulus gibberulus (Linnaeus, 1758)	Unaccepted (original combination)	http://www.marinespecies.org/aphia.php?p=taxdetails&id=215374
101	Gastropoda	Strombidae	Strombidae	Harpago chiragra chiragra (Linnaeus, 1758)	Harpago chiragra (Linnaeus, 1758)	Alternate representation	http://www.marinespecies.org/aphia.php?p=taxdetails&id=760349
102	Gastropoda	Strombidae	Strombidae	Strombus canarium	Laevistrombus canarium (Linnaeus, 1758)	Unaccepted (original combination)	http://www.marinespecies.org/aphia.php?p=taxdetails&id=215375
103	Gastropoda	Strombidae	Strombidae	Lambis crocata crocata (Link, 1807	Lambis crocata (Link, 1807)	Unaccepted	http://www.marinespecies.org/aphia.php?p=taxdetails&id=1033275
104	Gastropoda	Strombidae	Strombidae	Lambis scorpius scorpius (Linnaeus, 1758)	Lambis scorpius (Linnaeus, 1758)	Alternate representation	http://www.marinespecies.org/aphia.php?p=taxdetails&id=760347
105	Gastropoda	Strombidae	Strombidae	Strombus lentiginosus Linnaeus, 1758	Lentigo lentiginosus (Linnaeus, 1758)	Unaccepted (original combination)	http://www.marinespecies.org/aphia.php?p=taxdetails&id=215373
106	Gastropoda	Strombidae	Strombidae	Strombus quadrata	Lobatus raninus (Gmelin, 1791)	Unaccepted	http://www.marinespecies.org/aphia.php?p=taxdetails&id=565402
107	Gastropoda	Strombidae	Strombidae	Dolomena variabilis variabilis (Swainson,1820)	Ministrombus variabilis (Swainson, 1820)	Unaccepted	http://www.marinespecies.org/aphia.php?p=taxdetails&id=760361
108	Gastropoda	Strombidae	Strombidae	Dolomena minima (Linnaeus, 1771)	Ministrombus minimus (Linnaeus, 1771)	Unaccepted	http://www.marinespecies.org/aphia.php?p=taxdetails&id=564494
109	Gastropoda	Strombidae	Strombidae	Dolomena marginata (Linnaeus, 1758)	Margistrombus marginatus (Linnaeus, 1758)	Unaccepted	http://www.marinespecies.org/aphia.php?p=taxdetails&id=1033172
110	Gastropoda	Strombidae	Strombidae	Tricornis latissimus (Linnaeus, 1758)	Sinustrombus latissimus (Linnaeus, 1758)	Unaccepted	http://www.marinespecies.org/aphia.php?p=taxdetails&id=1033137
111	Gastropoda	Trochidae	Tegulidae	Trochus niloticus Linnaeus, 1767	Rochia nilotica (Linnaeus, 1767)	Unaccepted (original combination)	http://www.marinespecies.org/aphia.php?p=taxdetails&id=216345
112	Gastropoda	Pachychilidae	Thiaridae	Melania borneensis Schepmann, 1896	Melania borneensis Schepman, 1896	taxon inquirendum	http://www.marinespecies.org/aphia.php?p=taxdetails&id=1063631
113	Gastropoda	Pachychilidae	Thiaridae	Melanin hippocastanurn Reeve, 1860	Melania hippocastanum Reeve, 1860	taxon inquirendum	http://www.marinespecies.org/aphia.php?p=taxdetails&id=1067044
114	Gastropoda	Pachychilidae	Thiaridae	Melania (Acrostomn) sadongiensis Brot, 1894	Melania (Acrostoma) sadongiensis Brot, 1894	taxon inquirendum	http://www.marinespecies.org/aphia.php?p=taxdetails&id=1067164
115	Gastropoda	Pachychilidae	Thiaridae	Melania schwaneri Schepmann, 1896	Melania schwaneri Schepman, 1896	taxon inquirendum	http://www.marinespecies.org/aphia.php?p=taxdetails&id=1067169
116	Gastropoda	Pachychilidae	Thiaridae	Melania canaliculata Reeve, 1859	Melania sooloensis Reeve, 1860	Unaccepted	http://www.marinespecies.org/aphia.php?p=taxdetails&id=1063975
117	Gastropoda	Trochidae	Trochidae	Monodata australis	Monodonta australis (Lamarck, 1822)	Misspelling	
118	Gastropoda	Trochidae	Trochidae	Monodata labio	Monodonta labio (Linnaeus, 1758)	Misspelling	
119	Gastropoda	Trochidae	Trochidae	Trochus radiates (Gmelin, 1791)	Trochus radiatus Gmelin, 1791	Misspelling	
120	Gastropoda	Turbinidae	Turbinidae	Turbo cinereus Born, 1778	Lunella cinerea (Born, 1778)	Unaccepted	http://www.marinespecies.org/aphia.php?p=taxdetails&id=534210
121	Gastropoda	Turbinidae	Turbinidae	Turbo (Marmarostoma) chrysostomus Linnaeus, 1758	Turbo chrysostomus Linnaeus, 1758	Alternate representation	http://www.marinespecies.org/aphia.php?p=taxdetails&id=413371
122	Gastropoda	Turbinidae	Turbinidae	Turbo crasus	Turbo crassus W. Wood, 1828	Unaccepted	http://www.marinespecies.org/aphia.php?p=taxdetails&id=750846
123	Gastropoda	Turbinidae	Turbinidae	Turbo (Turbo) petholatus Linnaeus, 1758	Turbo petholatus Linnaeus, 1758)	Alternate representation	http://www.marinespecies.org/aphia.php?p=taxdetails&id=536055
124	Gastropoda	Turridae	Turridae	Gemmula speciosa (Reeve, 1843)	Gemmula speciosa (Reeve, 1842)	Wrong year	
125	Gastropoda	Turridae	Turridae	Lophiotoma indica (Röding, 1798)	Unedogemmula indica (Röding, 1798)	Unaccepted	http://www.marinespecies.org/aphia.php?p=taxdetails&id=217114
126	Gastropoda	Viviparidae	Viviparidae	Viviparous georgianus	Callinina georgiana (I. Lea, 1834)	Unaccepted	http://www.marinespecies.org/aphia.php?p=taxdetails&id=397203
127	Bivalvia	Arcidae	Arcidae	Anadara granosa	Tegillarca granosa (Linnaeus, 1758)	Unaccepted	http://www.marinespecies.org/aphia.php?p=taxdetails&id=715138
128	Bivalvia	Arcidae	Arcidae	Barbatia fusca (Bruguière, 1789)	Barbatia amygdalumtostum (Röding, 1798)	Unaccepted	http://www.marinespecies.org/aphia.php?p=taxdetails&id=207767
129	Bivalvia	Cardiidae	Cardiidae	Tridacna (Chametrachea) crocea Lamarck, 1819	Tridacna crocea (Lamarck, 1819)	Alternate representation	http://www.marinespecies.org/aphia.php?p=taxdetails&id=382154
130	Bivalvia	Cardiidae	Cardiidae	Tridacna (Chametrachea) maxima (Röding, 1798)	Tridacna maxima (Röding, 1798)	Alternate representation	http://www.marinespecies.org/aphia.php?p=taxdetails&id=382170
131	Bivalvia	Tridacnidae	Cardiidae	Tridacna squamosa Lamarck, 1819	Tridacna squamosa Lamarck, 1819	Family Changed	
132	Bivalvia	Cyrenidae	Cyrenidae	Polymesoda bengalensis	Geloina bengalensis (Lamarck, 1818)	Unaccepted	http://www.marinespecies.org/aphia.php?p=taxdetails&id=761285
133	Bivalvia	Cyrenidae	Cyrenidae	Polymesoda expansa	Geloina expansa (Mousson, 1849)	Unaccepted	http://www.marinespecies.org/aphia.php?p=taxdetails&id=761286
134	Bivalvia	Glauconomidae	Glauconomidae	Gluconome virens	Glauconome virens (Linnaeus, 1767)	Misspelling	
135	Bivalvia	Isognomonidae	Isognomonidae	Isonomon nucleus	Isognomon nucleus (Lamarck, 1819)	Misspelling	
136	Bivalvia	Isognomonidae	Isognomonidae	Spondylus gussonii O. G. Costa, 1829	Spondylus gussonii (O. G. Costa, 1830)	Wrong year	
137	Bivalvia	Limidae	Limidae	Ctenoides scabra (Born, 1778)	Ctenoides scaber (Born, 1778)	Unaccepted	http://www.marinespecies.org/aphia.php?p=taxdetails&id=505429
138	Bivalvia	Pteriidae	Margaritidae	Pinctada margaritifera (Linnaeus, 1758)	Pinctada margaritifera (Linnaeus, 1758)	Family Changed	
139	Bivalvia	Mytilidae	Mytilidae	Brachidontes striatulus (Hanley, 1843)	Byssogerdius striatulus (Hanley, 1843)	Unaccepted	http://www.marinespecies.org/aphia.php?p=taxdetails&id=397027
140	Bivalvia	Ostreidae	Ostreidae	Crassostrea virginiea	Crassostrea virginica (Gmelin, 1791)	Misspelling	
141	Bivalvia	Ostreidae	Ostreidae	Crassostrea iredalei	Magallana bilineata (Röding, 1798)	Unaccepted	http://www.marinespecies.org/aphia.php?p=taxdetails&id=819169
142	Bivalvia	Ostreidae	Ostreidae	Crassostrea rivularis (Gould, 1861)	Magallana rivularis (Gould, 1861)	Alternate representation	http://www.marinespecies.org/aphia.php?p=taxdetails&id=233548
143	Bivalvia	Pectinidae	Pectinidae	Chlamys varia (Linnaeus, 1758)	Mimachlamys varia (Linnaeus, 1758)	Unaccepted (currently placed in genus Mimachlamys)	http://www.marinespecies.org/aphia.php?p=taxdetails&id=140696
144	Bivalvia	Myoida	Pholadidae	Pholas orientalis	Pholas orientalis (Gmelin, 1791)	Family Changed	
145	Bivalvia	Unionidae	Unionidae	Anodonta woodina	Sinanodonta woodiana (I. Lea, 1834)	Unaccepted (recombination)	http://www.marinespecies.org/aphia.php?p=taxdetails&id=858261
146	Bivalvia	Unionidae	Unionidae	Pseudodon walpolei (Hanley, 1871)	Monodontina walpolei (Hanley, 1871)	Unaccepted	http://www.marinespecies.org/aphia.php?p=taxdetails&id=1390573
147	Bivalvia	Veneridae	Veneridae	Meretrix. lyrata	Meretrix lyrata (G. B. Sowerby II, 1851)	Misspelling	
148	Bivalvia	Veneridae	Veneridae	Paphia undulata	Paratapes undulatus (Born, 1778)	Unaccepted	http://www.marinespecies.org/aphia.php?p=taxdetails&id=367828
149	Bivalvia	Veneridae	Veneridae	Meretrix meretrix Roding,	Meretrix meretrix (Linnaeus, 1758)	Wrong author name	
150	Bivalvia	Veneridae	Veneridae	Paphia alapapilionis Röding, 1798	Paphia rotundata (Linnaeus, 1758)	Unaccepted	http://www.marinespecies.org/aphia.php?p=taxdetails&id=542354
